move_id,logged_at,from_point,to_point,material_note,quantity_kg,operator_badge,work_order
BM-001,2025-09-02T08:43:00-05:00,INTAKE-2,BIN-12,DR-44,39900,OP-17,RCV-7714
BM-002,2025-09-03T09:47:00-05:00,INTAKE-1,BIN-12,WB-390,23850,OP-12,RCV-7721
BM-003,2025-09-03T11:28:00-05:00,INTAKE-1,BIN-12,EF-18,17900,OP-12,RCV-7729
BM-004,2025-09-04T13:02:00-05:00,BIN-12,LOAD-PIT-2,WB-390 / EF-18,26000,OP-21,OUT-5002
BM-005,2025-09-04T13:14:00-05:00,LOAD-PIT-2,TRUCK-NS204,OUT-5002,26000,OP-21,OUT-5002
BM-006,2025-09-05T07:02:00-05:00,BIN-12,LOAD-PIT-3,no ticket on hopper sheet,12000,OP-09,OUT-5003
BM-007,2025-09-07T08:42:00-05:00,INTAKE-3,BIN-14,MCR-118,20850,OP-31,RCV-7744
BM-008,2025-09-07T08:58:00-05:00,INTAKE-3,BIN-14,S-52,15900,OP-31,RCV-7750
BM-009,2025-09-07T10:18:00-05:00,BIN-14,LOAD-PIT-1,no individual ticket,19000,OP-33,OUT-5004
BM-010,2025-09-07T10:29:00-05:00,LOAD-PIT-1,TRUCK-RL091,OUT-5004,19000,OP-33,OUT-5004
